[
  {
    "question": "Which planet is known as the 'Red Planet'?",
    "answer": "Mars"
  },
  {
    "question": "What is the capital of Japan?",
    "answer": "Tokyo"
  },
  {
    "question": "Who painted the Mona Lisa?",
    "answer": "Leonardo da Vinci"
  },
  {
    "question": "Which planet is known as the 'Red Planet'?",
    "answer": "Mars"
  },
  {
    "question": "What is the capital of Japan?",
    "answer": "Tokyo"
  },
  {
    "question": "Who painted the Mona Lisa?",
    "answer": "Leonardo da Vinci"
  },
  {
    "question": "What is the largest mammal?",
    "answer": "Blue whale"
  },
  {
    "question": "Which gas do plants use for photosynthesis?",
    "answer": "Carbon dioxide"
  },
  [
  {
    "question": "What is the symbol for the chemical element oxygen?",
    "answer": "O"
  },
  {
    "question": "Who wrote the play 'Romeo and Juliet'?",
    "answer": "William Shakespeare"
  },
  {
    "question": "What is the currency of Brazil?",
    "answer": "Brazilian real"
  },
  {
    "question": "Which famous scientist developed the theory of relativity?",
    "answer": "Albert Einstein"
  },
  {
    "question": "What is the tallest mountain in the world?",
    "answer": "Mount Everest"
  }

]
